City,Lat,Long,Max Temp,Humidity,Cloudiness,Wind Speed,Country,Date
Saint George,37.1041,-113.5841,82.0,8,1,12.66,US,1618872464
Rikitea,-23.1203,-134.9692,78.13,73,0,10.56,PF,1618872197
Mataura,-46.1927,168.8643,62.01,62,0,5.01,NZ,1618872198
Balabac,7.9868,117.0645,81.05,76,95,15.79,PH,1618872198
Bredasdorp,-34.5322,20.0403,60.8,67,95,19.57,ZA,1618872198
Ilulissat,69.2167,-51.1,17.6,45,95,4.61,GL,1618872619
Salalah,17.0151,54.0924,80.6,78,0,5.75,OM,1618872688
Butaritari,3.0707,172.7902,83.23,76,96,12.03,KI,1618872688
Yellowknife,62.456,-114.3525,33.8,69,40,10.36,CA,1618872689
Puerto Baquerizo Moreno,-0.9,-89.6,80.6,83,40,8.05,EC,1618872689
Ponta do Sol,32.6667,-17.1,61.0,73,17,3.0,PT,1618872689
Narsaq,60.9167,-46.05,37.4,48,100,5.75,GL,1618872690
Avarua,-21.2078,-159.775,82.4,69,75,10.36,CK,1618872690
Fortuna,40.5982,-124.1573,57.99,76,20,14.97,US,1618872690
Ketchikan,55.3422,-131.6461,57.2,33,1,6.91,US,1618872691
Kieta,-6.2167,155.6333,85.71,68,74,2.51,PG,1618872201
Norman Wells,65.282,-126.8329,50.0,40,1,5.75,CA,1618872201
Saldanha,-33.0117,17.9442,66.2,59,6,5.75,ZA,1618872202
Zhigansk,66.7697,123.3711,3.83,93,82,15.08,RU,1618872202
Simao,22.7886,100.9748,58.39,67,0,1.21,CN,1618872202
Saint-Philippe,-21.3585,55.7679,75.2,94,90,4.61,RE,1618872203
The Valley,18.217,-63.0578,82.4,74,20,14.97,AI,1618871909
Albany,42.6001,-73.9662,59.0,62,75,4.61,US,1618871928
Ushuaia,-54.8,-68.3,42.8,87,40,2.3,AR,1618871943
Miyako,39.6367,141.9525,56.86,55,5,7.29,JP,1618872203
Ahipara,-35.1667,173.1667,64.49,93,100,16.69,NZ,1618872204
Port Alfred,-33.5906,26.891,64.65,73,100,12.28,ZA,1618872204
Klaksvík,62.2266,-6.589,39.2,87,75,6.91,FO,1618872204
Vaini,-21.2,-175.2,78.8,83,75,11.5,TO,1618872204
Hobart,-42.8794,147.3294,51.01,87,75,8.05,AU,1618872205
Beloha,-25.1667,45.05,67.62,76,0,12.75,MG,1618872205
Cape Town,-33.9258,18.4232,62.01,77,0,5.75,ZA,1618872118
Bengkulu,-3.8004,102.2655,75.0,89,42,4.12,ID,1618872134
Berlevåg,70.8578,29.0864,36.75,75,0,12.15,NO,1618872206
Bermejo,-32.8833,-68.8,80.6,50,40,2.3,AR,1618871923
Moundou,8.5667,16.0833,86.22,38,95,6.17,TD,1618872206
Alyangula,-13.8483,136.4192,77.0,100,96,5.77,AU,1618872206
Guaraciaba do Norte,-4.1669,-40.7475,64.6,91,100,4.14,BR,1618872007
Nome,64.5011,-165.4064,39.2,60,1,14.97,US,1618872207
Vila Velha,-20.3297,-40.2925,75.2,94,75,6.91,BR,1618872207
Hermanus,-34.4187,19.2345,61.0,78,90,15.01,ZA,1618872208
Puerto Ayora,-0.7393,-90.3518,82.4,74,40,11.5,EC,1618872208
Jamestown,42.097,-79.2353,57.2,35,75,6.91,US,1618872080
São Filipe,14.8961,-24.4956,73.18,74,59,9.73,CV,1618872208
Mossamedes,-15.1961,12.1522,80.53,75,7,2.59,AO,1618872209
Kūstī,13.1629,32.6635,88.21,13,59,8.97,SD,1618871925
Lindi,-10.0,39.7167,70.59,97,93,5.23,TZ,1618872209
Sittwe,20.15,92.9,77.16,85,0,2.44,MM,1618872209
Bereda,43.2686,-7.5406,46.99,80,99,1.99,ES,1618872210
Fort Nelson,58.8053,-122.7002,55.4,24,1,6.91,CA,1618872210
Bluff,-46.6,168.3333,62.01,62,0,5.01,NZ,1618872210
Labuhan,-6.8844,112.2051,75.69,84,90,7.38,ID,1618872211
Kapaa,22.0752,-159.319,81.0,73,40,10.36,US,1618871961
Port Lincoln,-34.7333,135.8667,59.59,81,24,20.6,AU,1618872211
Shache,38.4167,77.2406,57.11,21,7,5.99,CN,1618872211
Zaragoza,41.6561,-0.8773,62.01,38,20,4.61,ES,1618872044
Ambanja,-13.6833,48.45,71.8,90,82,4.41,MG,1618872212
Pachino,36.7186,15.0907,44.6,87,1,2.3,IT,1618872212
Severo-Kuril'sk,50.6789,156.125,37.38,93,89,15.73,RU,1618872212
Katsuyama,36.0617,136.501,53.6,62,20,5.75,JP,1618871953
Busselton,-33.65,115.3333,52.0,98,75,8.03,AU,1618872213
Kutum,14.2,24.6667,77.29,10,4,7.11,SD,1618872213
Thompson,55.7435,-97.8558,26.6,54,90,16.11,CA,1618872213
Souillac,-20.5167,57.5167,77.0,94,40,9.01,MU,1618872215
Atuona,-9.8,-139.0333,80.53,76,24,19.04,PF,1618872215
Nuuk,64.1835,-51.7216,32.0,100,90,31.07,GL,1618872198
Bathsheba,13.2167,-59.5167,80.6,57,20,19.57,BB,1618872215
Kahului,20.8947,-156.47,84.2,58,20,10.36,US,1618872015
Qaanaaq,77.484,-69.3632,2.17,82,98,6.26,GL,1618872216
Carnarvon,-24.8667,113.6333,72.55,55,0,20.09,AU,1618872216
Lebu,-37.6167,-73.65,58.35,95,100,15.99,CL,1618872026
Santa Luzia,-19.7697,-43.8514,77.0,53,20,4.61,BR,1618871928
Algiers,36.7525,3.042,51.8,76,0,3.44,DZ,1618871937
Lagoa,39.05,-27.9833,61.83,84,94,9.78,PT,1618872217
Araouane,18.9048,-3.5265,81.45,9,48,10.63,ML,1618872217
Yerbogachën,61.2767,108.0108,21.25,67,100,15.82,RU,1618872218
Buala,-8.145,159.5921,85.53,71,84,8.48,SB,1618872218
Mahébourg,-20.4081,57.7,77.0,94,40,9.28,MU,1618872218
Māngrol,21.1167,70.1167,78.98,82,85,10.92,IN,1618872218
Ponta Delgada,37.7333,-25.6667,62.6,88,20,8.05,PT,1618872219
Lorengau,-2.0226,147.2712,84.54,70,89,6.76,PG,1618872219
Khatanga,71.9667,102.5,-14.8,99,51,3.6,RU,1618872219
Port Elizabeth,-33.918,25.5701,59.0,94,90,1.14,ZA,1618872123
Cabo San Lucas,22.8909,-109.9124,79.0,61,40,11.5,MX,1618872055
Saskylakh,71.9167,114.0833,-9.45,98,75,2.93,RU,1618872220
Pisco,-13.7,-76.2167,71.6,73,0,16.11,PE,1618872220
Grindavik,63.8424,-22.4338,32.0,93,75,17.27,IS,1618872221
Halifax,44.6453,-63.5724,57.2,44,20,13.8,CA,1618872212
Longyearbyen,78.2186,15.6401,32.0,93,90,13.8,SJ,1618872221
Punta Arenas,-53.15,-70.9167,48.2,57,0,13.8,CL,1618872221
Mersing,2.4312,103.8405,75.2,94,29,5.75,MY,1618872221
Kaitangata,-46.2817,169.8464,60.01,56,0,4.0,NZ,1618872222
Newport,51.5877,-2.9984,46.99,81,73,2.3,GB,1618872222
Esperance,-33.8667,121.9,59.0,100,90,6.91,AU,1618872222
Hithadhoo,-0.6,73.0833,82.53,65,86,4.83,MV,1618872223
Airai,-8.9266,125.4092,61.92,75,62,1.54,TL,1618872223
Pangnirtung,66.1451,-65.7125,17.6,86,90,4.61,CA,1618872224
Helena,46.5927,-112.0361,37.99,44,90,13.8,US,1618872224
Asău,46.4333,26.4,44.01,64,100,3.91,RO,1618872224
Riyadh,24.6877,46.7219,80.6,21,0,5.01,SA,1618872020
Pochutla,15.7432,-96.4661,89.01,48,40,11.5,MX,1618871932
Presidencia Roque Sáenz Peña,-26.7852,-60.4388,71.98,60,0,6.64,AR,1618871932
Tasiilaq,65.6145,-37.6368,24.8,68,8,11.5,GL,1618872225
Chekhov,55.1431,37.4711,44.6,39,0,11.18,RU,1618872225
Tuatapere,-46.1333,167.6833,62.01,62,3,5.01,NZ,1618872226
North Bend,43.4065,-124.2243,55.99,76,1,9.22,US,1618872226
Esso,55.9333,158.7,31.1,84,100,13.89,RU,1618872226
Port Hedland,-20.3167,118.5667,71.6,78,75,6.91,AU,1618872226
Zhangjiakou Shi Xuanhua Qu,40.6103,115.0447,61.3,27,100,5.37,CN,1618872227
Chui,-33.6971,-53.4616,64.98,79,0,10.04,UY,1618872227
San Cristobal,7.7669,-72.225,91.4,27,40,13.8,VE,1618872228
Hasaki,35.7333,140.8333,57.2,62,20,1.14,JP,1618872228
Hobyo,5.3505,48.5268,83.14,74,72,7.61,SO,1618872228
Naze,28.3667,129.4833,66.2,63,40,10.36,JP,1618872229
San Patricio,28.017,-97.5169,69.01,60,90,9.22,US,1618872229
Jinxi,30.4323,116.2922,62.4,67,99,2.46,CN,1618871934
Alofi,-19.0595,-169.9187,82.4,65,75,18.41,NU,1618872229
Matara,5.9485,80.5353,77.4,88,87,6.22,LK,1618872084
Russellville,35.2784,-93.1338,72.0,30,1,5.17,US,1618872230
Arraial do Cabo,-22.9661,-42.0278,75.2,88,0,23.02,BR,1618872231
Arrondissement d'Ajaccio,42.0,8.9167,44.6,87,0,6.91,FR,1618872231
Coquimbo,-29.9533,-71.3436,57.2,88,75,6.91,CL,1618872231
Mae Chan,20.1467,99.8526,71.6,100,0,4.61,TH,1618872232
Agirish,61.9247,63.0231,28.22,69,98,11.39,RU,1618872232
Lake Havasu City,34.4839,-114.3224,89.6,4,1,4.61,US,1618872232
Plouzané,48.3833,-4.6167,50.0,76,0,6.91,FR,1618872233
Jinji,23.2281,110.8261,66.69,96,100,4.54,CN,1618872233
Korla,41.7597,86.1469,60.73,40,100,5.82,CN,1618872233
Mount Isa,-20.7333,139.5,75.2,29,57,4.61,AU,1618872233
Yarkovo,57.4028,67.0786,21.7,54,9,3.15,RU,1618872234
Nikšić,42.7731,18.9445,48.2,93,75,3.44,ME,1618871937
Narasannapeta,18.4167,84.05,81.03,88,56,7.92,IN,1618872234
Phalombe,-15.8064,35.6507,60.64,97,44,3.18,MW,1618871938
Broken Hill,-31.95,141.4333,59.0,41,99,8.05,AU,1618872235
Bonavista,48.6499,-53.1147,39.99,100,100,3.44,CA,1618872235
Dzyhivka,48.359,28.3158,45.0,88,87,5.57,UA,1618872235
George Town,5.4112,100.3354,78.01,94,40,4.61,MY,1618872235
Upernavik,72.7868,-56.1549,1.09,82,26,6.76,GL,1618872236
New Norfolk,-42.7826,147.0587,51.01,75,100,1.01,AU,1618872236
La Ronge,55.1001,-105.2842,33.8,37,100,13.8,CA,1618872236
Yagodnoye,62.55,149.6667,28.08,92,100,3.58,RU,1618872237
Udachny,66.4167,112.4,0.95,99,75,3.13,RU,1618872237
Cayenne,4.9333,-52.3333,75.99,94,75,2.3,GF,1618872237
Dubti,11.7361,41.0853,80.35,40,97,5.12,ET,1618872238
Hilo,19.7297,-155.09,86.0,51,20,14.97,US,1618872238
Dawson Creek,55.7666,-120.2362,51.8,32,1,4.61,CA,1618872239
Phang Nga,8.4509,98.5298,81.0,94,75,1.14,TH,1618872239
Chākia,26.4167,85.05,77.88,16,0,2.26,IN,1618872239
Kavieng,-2.5744,150.7967,82.47,76,100,8.39,PG,1618872240
Lao Cai,22.4833,103.95,72.95,87,46,1.28,VN,1618871942
Cairns,-16.9167,145.7667,75.2,94,75,2.3,AU,1618872240
Rusape,-18.5278,32.1284,52.0,90,88,1.81,ZW,1618872240
Codajás,-3.8367,-62.0569,72.59,99,100,1.97,BR,1618872241
Tiksi,71.6872,128.8694,1.09,98,85,0.74,RU,1618872241
Mar del Plata,-38.0023,-57.5575,68.0,73,0,8.05,AR,1618872241
Pueblo,38.2545,-104.6091,50.0,40,40,20.71,US,1618872242
Reconquista,-29.15,-59.65,70.14,69,0,7.25,AR,1618872242
Nanortalik,60.1432,-45.2371,32.34,77,100,7.18,GL,1618872242
Kānkon,15.0167,74.0167,81.34,77,42,5.35,IN,1618872243
Flinders,-34.5833,150.8552,59.0,75,0,3.0,AU,1618872243
Dikson,73.5069,80.5464,-6.14,97,12,6.51,RU,1618872243
San Policarpo,12.1791,125.5072,80.15,76,100,17.72,PH,1618872243
Kovūr,14.4833,79.9833,84.07,71,70,11.7,IN,1618871956
Cherskiy,68.75,161.3,32.41,72,96,12.77,RU,1618872244
Tual,-5.6667,132.75,79.07,85,100,15.28,ID,1618872244
Katsuura,35.1333,140.3,59.0,55,0,3.44,JP,1618872245
Svetlaya,46.5389,138.3297,38.7,40,57,15.19,RU,1618872245
Camacha,33.0833,-16.3333,64.4,88,40,10.36,PT,1618872245
Bontang,0.1333,117.5,76.84,87,98,7.65,ID,1618872245
Greystones,53.1408,-6.0631,46.99,91,100,4.21,IE,1618872246
Gamba,-2.65,10.0,75.15,93,100,11.01,GA,1618872246
Porto Empedocle,37.2934,13.5264,43.0,87,1,6.46,IT,1618872246
Pahrump,36.2083,-115.9839,84.0,4,11,8.01,US,1618872247
Torbay,47.6666,-52.7314,41.0,93,90,13.8,CA,1618872247
Siderno,38.2779,16.302,54.0,71,9,8.05,IT,1618872247
Verkhoyansk,67.5447,133.385,16.97,88,100,5.41,RU,1618872248
Inverness,57.4791,-4.224,50.0,57,100,6.91,GB,1618872248
Barrow,71.2906,-156.7887,24.8,80,90,20.71,US,1618872248
Grand-Santi,4.25,-54.3833,72.16,98,100,2.68,GF,1618872248
Iqaluit,63.7506,-68.5145,21.2,79,75,3.44,CA,1618872249
Muravlenko,63.7898,74.523,15.42,94,100,19.15,RU,1618872249
Lavrentiya,65.5833,-171.0,30.79,76,5,7.34,RU,1618872249
Taos,36.4072,-105.5731,60.8,18,75,12.66,US,1618872250
Opalenica,52.3089,16.4128,50.0,93,0,2.3,PL,1618872250
Kutoarjo,-7.7169,109.9128,73.51,87,31,4.32,ID,1618872250
Naryan-Mar,67.6713,53.087,27.03,93,96,11.23,RU,1618872250
Leningradskiy,69.3833,178.4167,22.46,80,4,5.79,RU,1618872251
Riviere-au-Renard,48.9957,-64.3971,46.4,81,90,4.61,CA,1618872251
Landeck,47.1301,10.5636,41.0,65,20,4.61,AT,1618872251
Okakarara,-20.5833,17.4333,59.32,47,3,4.74,NA,1618872252
Oranjemund,-28.55,16.4333,60.37,93,95,5.03,NA,1618872252
Chokurdakh,70.6333,147.9167,16.9,85,100,12.8,RU,1618872252
Soe,-9.8607,124.284,65.52,80,44,1.52,ID,1618872253
Palana,59.1167,159.9667,34.2,69,100,9.8,RU,1618872253
Zamora,-4.0692,-78.9567,69.73,98,100,1.32,EC,1618872253
Manacor,39.5696,3.2096,55.4,88,20,4.61,ES,1618872253
Luancheng,37.8792,114.6517,55.4,76,0,4.47,CN,1618872254
Obo,5.3998,26.4869,72.43,80,100,2.89,CF,1618872254
Cidreira,-30.1811,-50.2056,69.98,73,70,11.1,BR,1618872254
Pundaguitan,6.3711,126.1689,82.47,71,100,6.2,PH,1618872255
Chicama,-7.8447,-79.1469,68.0,88,20,10.36,PE,1618872255
Lüderitz,-26.6481,15.1594,70.48,61,76,8.93,NA,1618872255
Bilma,18.6853,12.9164,86.9,7,2,7.45,NE,1618872256
Tessalit,20.1986,1.0114,82.38,8,64,8.21,ML,1618872256
Phonhong,18.5007,102.4166,73.04,91,15,2.53,LA,1618872256
Morehead,37.2711,-87.1764,68.0,30,1,6.91,US,1618872257
Talnakh,69.4865,88.3972,-12.48,97,57,3.47,RU,1618872257
Kāman,27.65,77.2667,79.38,18,2,4.52,IN,1618872257
George Town,5.4112,100.3354,78.01,94,40,4.61,MY,1618872009
Pathein,16.7833,94.7333,76.82,84,1,5.61,MM,1618872258
Altay,47.8667,88.1167,45.55,88,100,7.16,CN,1618872258
Sioux Lookout,50.1001,-91.917,35.6,35,75,12.66,CA,1618872258
Faanui,-16.4833,-151.75,82.63,69,8,13.33,PF,1618872258
Ribeira Grande,38.5167,-28.7,62.58,90,94,17.92,PT,1618872259
Nosy Varika,-20.5833,48.5333,70.02,85,100,6.76,MG,1618872259
Ostrovnoy,68.0531,39.5131,34.27,91,69,14.25,RU,1618872259
East London,-33.0153,27.9116,65.5,74,100,8.68,ZA,1618872260
Peleduy,59.6289,112.7406,23.07,95,100,4.79,RU,1618872260
Pacific Grove,36.6177,-121.9166,59.0,67,75,11.5,US,1618872089
Uíge,-7.6087,15.0613,66.33,96,100,0.45,AO,1618872260
Dodge City,37.7528,-100.0171,48.0,53,1,24.16,US,1618872008
Itarema,-2.9248,-39.9167,76.48,86,93,4.21,BR,1618872261
Viseu,40.661,-7.9097,44.01,78,18,1.77,PT,1618872261
Sorong,-0.8833,131.25,78.75,83,91,4.47,ID,1618872261
Havre-St-Pierre,50.2334,-63.5986,44.6,87,90,5.75,CA,1618872247
Esim,4.8699,-2.2405,80.62,83,98,5.41,GH,1618872262
Tuktoyaktuk,69.4541,-133.0374,26.6,86,40,3.44,CA,1618872262
Talcahuano,-36.7167,-73.1167,60.8,82,75,14.97,CL,1618872015
Petropavlovsk-Kamchatskiy,53.0452,158.6483,39.2,87,90,20.13,RU,1618872263
Berdigestyakh,62.0989,126.6992,12.34,89,94,6.31,RU,1618872263
Yarmouth,41.7057,-70.2286,57.99,54,1,8.05,US,1618872263
Ekenäs,59.9736,23.4339,41.0,47,3,5.01,FI,1618872264
Bilibino,68.0546,166.4372,24.13,76,29,3.87,RU,1618872264
Oussouye,12.485,-16.5469,77.0,88,0,4.61,SN,1618872264
Sisimiut,66.9395,-53.6735,23.41,76,100,5.17,GL,1618872264
Santa Fe,-31.6333,-60.7,73.99,65,0,8.48,AR,1618871994
Kulhudhuffushi,6.6221,73.07,83.48,72,14,5.97,MV,1618872265
Coahuayana Viejo,18.7333,-103.6833,80.6,32,1,11.5,MX,1618872265
Chimoré,-16.9833,-65.1333,72.86,96,6,1.63,BO,1618872266
Arrondissement de Melun,48.5,2.75,50.0,76,0,4.85,FR,1618872266
Te Anau,-45.4167,167.7167,57.9,67,12,5.32,NZ,1618872266
Gemena,3.25,19.7667,70.84,89,99,3.13,CD,1618872266
Tromsø,69.6496,18.957,44.6,57,75,10.36,NO,1618872263
Northam,51.0333,-4.2167,45.0,82,100,1.99,GB,1618872268
Yerofey Pavlovich,53.9667,121.9667,24.94,47,47,2.01,RU,1618872269
Bambanglipuro,-7.95,110.2833,74.25,85,34,5.3,ID,1618872269
Green Valley,31.8543,-110.9937,82.0,10,0,3.0,US,1618872270
Vestmannaeyjar,63.4427,-20.2734,38.57,56,96,23.29,IS,1618872270
Nabagrām,22.2881,88.5092,82.4,89,40,6.91,IN,1618872131
Vostok,46.4856,135.8833,28.74,51,50,16.98,RU,1618872271
Bodmin,50.4715,-4.7243,44.6,87,100,6.91,GB,1618872271
Bethel,41.3712,-73.414,62.6,45,40,6.91,US,1618872272
Siteki,-26.45,31.95,63.59,74,52,8.75,SZ,1618872272
Orda,57.1951,56.9091,30.97,55,2,3.27,RU,1618872272
Provideniya,64.3833,-173.3,30.2,59,0,13.42,RU,1618872272
Himarë,40.1017,19.7447,42.01,93,50,5.97,AL,1618872273
Salinas,36.6777,-121.6555,59.0,63,1,14.97,US,1618872054
Bambous Virieux,-20.3428,57.7575,77.0,94,40,8.79,MU,1618872273
Gravdal,68.1214,13.5031,42.1,81,95,15.64,NO,1618872273
Bandarbeyla,9.4942,50.8122,81.43,78,87,4.29,SO,1618872274
Lengshuijiang,27.6881,111.4294,61.65,95,91,2.3,CN,1618872274
Xai-Xai,-25.0519,33.6442,66.52,79,0,2.42,MZ,1618872274
Kruisfontein,-34.0033,24.7314,60.01,83,100,3.0,ZA,1618872275
Flin Flon,54.7682,-101.865,32.0,47,90,10.36,CA,1618872275
Iisalmi,63.5592,27.1907,32.0,86,0,1.14,FI,1618872275
La Santisima Trinidad,-14.8333,-64.9,78.8,83,75,4.61,BO,1618872276
Bara,10.3744,10.7288,83.79,30,64,5.39,NG,1618872276
Nantucket,41.2835,-70.0995,53.01,71,1,9.22,US,1618872106
Naliya,23.2667,68.8333,79.79,73,100,9.82,IN,1618872276
Ekhabi,53.5102,142.9671,31.35,99,100,11.83,RU,1618872277
Witu,-2.3889,40.4382,75.9,84,99,9.53,KE,1618872277
Chunskiy,56.0815,99.6342,16.97,74,99,13.13,RU,1618872277
Neyshabur,36.2133,58.7958,60.26,42,4,1.66,IR,1618872278
Auka,14.9333,-83.8333,84.2,74,75,11.5,HN,1618872278
Santa Cruz de la Sierra,-17.8,-63.1667,75.2,83,75,2.3,BO,1618872237
Erzin,36.9559,36.2,66.2,82,40,2.3,TR,1618872278
Rancho Palos Verdes,33.7445,-118.387,73.99,60,1,19.57,US,1618872152
Isangel,-19.55,169.2667,86.0,79,20,5.75,VU,1618872279
Mount Gambier,-37.8333,140.7667,50.0,100,90,10.36,AU,1618872279
Luanda,-8.8368,13.2343,75.2,94,40,4.61,AO,1618872245
Samarai,-10.6167,150.6667,82.96,75,98,10.16,PG,1618872280
Durango,24.8333,-104.8333,75.52,8,89,21.41,MX,1618872173
Kimbe,-5.5502,150.1429,82.33,80,87,1.43,PG,1618872280
Tarabuco,-19.1667,-64.9167,50.99,76,16,5.79,BO,1618872281
Shimoda,34.6667,138.95,57.99,57,0,3.83,JP,1618872281
Andenes,69.3143,16.1194,44.6,65,20,11.5,NO,1618872281
Formosa do Rio Preto,-11.0483,-45.1931,69.69,93,96,3.42,BR,1618872282
Leh,34.1667,77.5833,27.09,42,8,2.46,IN,1618872282
Castro,-24.7911,-50.0119,56.41,91,19,3.2,BR,1618872283
Soyo,-6.1349,12.3689,77.34,89,100,9.13,AO,1618872283
Sovetskiy,61.3614,63.5842,28.72,67,98,10.38,RU,1618872283
Malindi,-3.2175,40.1191,76.5,83,100,13.94,KE,1618872284
Lodwar,3.1191,35.5973,82.58,55,92,17.52,KE,1618872284
Verkhnevilyuysk,63.4453,120.3167,8.58,93,99,2.75,RU,1618872284
Dalby,-27.1833,151.2667,57.2,94,0,9.01,AU,1618872285
Faya,18.3851,42.4509,60.8,47,0,6.44,SA,1618872285
Walvis Bay,-22.9575,14.5053,82.99,43,3,5.01,NA,1618872285
Priargunsk,50.3691,119.1012,35.96,15,11,7.38,RU,1618872285
Codrington,-38.2667,141.9667,51.69,90,74,17.81,AU,1618872286
Lakes Entrance,-37.8811,147.981,60.84,50,37,10.07,AU,1618872286
Opuwo,-18.0607,13.84,68.05,38,1,7.2,NA,1618872286
Nizwá,22.9333,57.5333,75.42,15,16,3.69,OM,1618872287
Camaná,-16.6228,-72.7111,69.08,84,13,6.2,PE,1618872287
Guerrero Negro,27.9769,-114.0611,78.78,26,2,16.22,MX,1618872287
Fairbanks,64.8378,-147.7164,55.4,40,1,3.44,US,1618872288
Puerto Quijarro,-17.7833,-57.7667,81.97,59,95,1.79,BO,1618872288
Machaneng,-23.1862,27.4886,61.52,47,0,6.11,BW,1618872289
Muisne,0.6,-80.0333,82.4,83,75,9.22,EC,1618872289
Dunedin,-45.8742,170.5036,64.0,55,0,8.01,NZ,1618872084
Ürümqi,43.801,87.6005,51.8,58,0,6.71,CN,1618872289
Farīdpur,23.6,89.8333,80.6,74,75,13.8,BD,1618872290
Boden,65.8252,21.6886,30.2,93,48,2.3,SE,1618872290
Tabuk,17.4189,121.4443,73.27,86,99,10.42,PH,1618872290
Lata,40.1629,-8.3327,60.01,90,10,1.01,PT,1618872290
Hualmay,-11.0964,-77.6139,69.22,81,82,10.56,PE,1618872291
Pevek,69.7008,170.3133,23.0,79,30,7.76,RU,1618872291
Loreto,22.2667,-101.9667,80.83,6,39,25.9,MX,1618872291
Fare,-16.7,-151.0167,82.51,72,1,13.33,PF,1618872292
Saint-Joseph,-21.3667,55.6167,75.2,94,90,4.61,RE,1618872292
Thunder Bay,48.4001,-89.3168,32.0,59,90,14.97,CA,1618872023
Yulara,-25.2406,130.9889,48.2,71,0,6.91,AU,1618872292
College,64.8569,-147.8028,55.4,30,1,4.61,US,1618872293
Erenhot,43.6475,111.9767,47.55,34,19,5.55,CN,1618872293
Tuxpan,19.55,-103.4,80.6,32,1,11.5,MX,1618872293
Nikolskoye,59.7035,30.7861,39.0,60,0,6.71,RU,1618872294
Sunland Park,31.7965,-106.58,72.0,21,20,8.05,US,1618872294
Kodinsk,58.6881,99.1844,14.59,91,100,16.75,RU,1618872294
Atar,20.5169,-13.0499,80.73,12,3,3.09,MR,1618872295
Jiayuguan City,39.8167,98.3,48.83,37,78,2.04,CN,1618872295
Hīt,33.6416,42.8251,82.56,19,98,1.23,IQ,1618872295
Dwārka,22.2394,68.9678,80.28,78,85,14.94,IN,1618872297
Aykhal,66.0,111.5,3.99,99,99,4.54,RU,1618872297
São Paulo de Olivença,-3.3783,-68.8725,73.0,98,95,3.44,BR,1618872297
Kholm,59.2667,32.85,36.72,68,54,6.15,RU,1618872297
Moose Factory,51.2585,-80.6094,24.8,86,90,13.8,CA,1618872298
Kuah,6.3265,99.8432,80.6,94,20,2.3,MY,1618872298
Alakurtti,66.9672,30.3491,30.0,83,30,1.23,RU,1618872298
Clyde River,70.4692,-68.5914,6.8,85,75,17.27,CA,1618872299
Logan Lake,50.4998,-120.8025,64.4,13,1,5.75,CA,1618872299
Behshahr,36.6923,53.5526,64.6,60,42,2.15,IR,1618872299
Surgut,61.25,73.4167,14.0,73,0,8.95,RU,1618872300
Port-Gentil,-0.7193,8.7815,77.0,94,20,2.3,GA,1618872300
Uyuni,-20.4597,-66.825,51.78,14,0,8.05,BO,1618872300
Port Moresby,-9.4431,147.1797,78.8,89,40,5.75,PG,1618872301
Katangli,51.7102,143.2326,32.58,93,98,13.4,RU,1618872301
Rawson,-43.3002,-65.1023,75.65,44,7,15.52,AR,1618872301
Sovetskaya Gavan',48.9723,140.2878,37.18,87,98,2.62,RU,1618872302
Ol'ga,43.7444,135.2892,44.17,31,1,14.81,RU,1618872302
Sola,-13.8833,167.55,83.07,75,59,11.68,VU,1618872303
Bairnsdale,-37.8333,147.6167,62.01,49,62,7.0,AU,1618872304
Irecê,-11.3042,-41.8558,70.21,86,99,2.3,BR,1618872304
Santa Rosa,14.3122,121.1114,81.0,74,75,5.75,PH,1618872304
Iranshahr,27.2025,60.6848,74.12,30,21,2.19,IR,1618872305
Lagos,6.5833,3.75,80.6,89,20,2.3,NG,1618872122
Bozoum,6.3193,16.3799,70.97,84,96,6.17,CF,1618872305
Batticaloa,7.7102,81.6924,80.65,75,84,0.69,LK,1618872306
Christchurch,-43.5333,172.6333,64.0,48,96,2.3,NZ,1618872181
Abu Samrah,35.3029,37.1841,78.73,27,99,8.5,SY,1618872306
Auki,-8.7676,160.7034,85.26,68,57,3.42,SB,1618872306
Constitución,-35.3333,-72.4167,56.57,96,45,8.12,CL,1618872307
Luziânia,-16.2525,-47.9503,68.0,94,75,2.3,BR,1618872307
Big Spring,32.2504,-101.4787,73.0,24,75,3.44,US,1618872175
Marathon,44.9,-89.7668,39.0,65,90,12.66,US,1618872307
Jardim,-21.4803,-56.1381,79.12,35,21,3.18,BR,1618872308
Lompoc,34.6391,-120.4579,59.0,72,1,14.97,US,1618872308
Vaasa,63.096,21.6158,36.0,86,0,1.14,FI,1618872308
Kichera,55.9375,110.0997,27.97,96,100,4.25,RU,1618872309
Qasigiannguit,68.8193,-51.1922,17.6,45,98,4.61,GL,1618872309
Volterra,43.4003,10.86,44.01,82,25,3.0,IT,1618872309
Vila Franca do Campo,37.7167,-25.4333,62.6,88,20,8.05,PT,1618872309
Tura,25.5198,90.2201,70.03,92,8,7.54,IN,1618872310
Apatin,45.6711,18.9847,46.4,93,75,4.61,RS,1618872310
Rundu,-17.9333,19.7667,59.36,47,0,6.4,NA,1618872310
Rocha,-34.4833,-54.3333,59.54,92,0,6.24,UY,1618872026
Lebyazh'ye,55.2689,66.4947,25.09,52,2,4.14,RU,1618872311
Farsala,39.2947,22.3847,53.6,54,40,11.5,GR,1618872311
Arrondissement de Dinan,48.4167,-2.25,50.0,81,0,3.44,FR,1618872311
Port Macquarie,-31.4333,152.9167,64.0,72,1,1.99,AU,1618872312
Oroquieta,8.4858,123.8044,80.24,71,100,2.19,PH,1618872312
Roald,62.5833,6.1333,42.01,81,61,5.75,NO,1618872312
Ambovombe,-25.1667,46.0833,67.17,78,0,11.21,MG,1618872313
Altoona,40.5187,-78.3947,62.6,23,75,10.36,US,1618872023
Laas,46.6166,10.7002,37.99,65,20,4.61,IT,1618872313
Karpathos,35.507,27.2132,59.0,72,41,23.02,GR,1618872313
Awjilah,29.1081,21.2869,64.33,37,54,18.66,LY,1618872314
Nurota,40.5614,65.6886,55.4,47,100,4.61,UZ,1618872314
Chu,43.5983,73.7614,60.01,48,100,5.01,KZ,1618872314
Hays,30.0502,-98.0336,77.0,22,75,5.75,US,1618872314
Beni Suef,29.0731,31.0979,79.32,32,85,15.14,EG,1618872315
Tigil',57.8,158.6667,38.34,64,100,25.14,RU,1618872315
Karla,59.3723,24.9275,42.8,52,0,8.05,EE,1618872316
Bubaque,11.2833,-15.8333,78.4,73,45,15.95,GW,1618872316
Timmins,48.4669,-81.3331,50.0,46,90,9.22,CA,1618872017
Huallanca,-9.8993,-76.9417,48.27,73,54,4.0,PE,1618872316
Ranot,7.7777,100.3213,79.21,82,99,9.82,TH,1618872317
Abnūb,27.2696,31.1511,84.2,37,0,6.8,EG,1618872317
Geraldton,-28.7667,114.6,53.6,87,3,6.91,AU,1618872317
Jinchang,38.4953,102.1739,48.85,34,69,4.36,CN,1618872317
Promyshlennyy,67.5833,63.9167,28.38,92,100,18.79,RU,1618872318
Nouadhibou,20.931,-17.0347,64.4,88,12,16.11,MR,1618872318
Ust-Maya,60.4167,134.5333,21.34,92,100,9.82,RU,1618872318
Vilhena,-12.7406,-60.1458,73.4,94,75,3.44,BR,1618872319
Kantilo,20.35,85.1833,80.6,94,40,8.05,IN,1618872319
Sørland,67.667,12.6934,43.12,80,100,18.12,NO,1618872319
Henties Bay,-22.116,14.2845,82.99,43,12,5.01,NA,1618872320
Dingle,10.9995,122.6711,78.37,82,100,4.83,PH,1618872320
Husavik,66.0449,-17.3389,33.8,75,20,9.22,IS,1618872320
Bataiporã,-22.2953,-53.2711,72.61,55,36,5.77,BR,1618872320
Ridgecrest,35.6225,-117.6709,88.0,7,20,12.3,US,1618872321
Yangi Marg`ilon,40.4272,71.7189,59.0,44,95,6.91,UZ,1618872321
Zhangye,38.9342,100.4517,48.24,38,41,3.11,CN,1618872321
Tateyama,34.9833,139.8667,62.01,55,0,3.44,JP,1618872322
Hanna,51.6334,-111.9018,41.0,47,100,17.0,CA,1618872302
Mēga,4.05,38.3,59.4,80,97,9.06,ET,1618872322
Aripuanã,-9.1667,-60.6333,72.88,97,90,2.55,BR,1618872213
Rabinal,15.1,-90.45,75.2,73,40,6.91,GT,1618872322
Say,13.1007,2.3689,96.8,20,0,5.75,NE,1618872323
Xining,36.6167,101.7667,37.54,74,85,2.35,CN,1618872323
Ghanzi,-21.5667,21.7833,60.21,30,0,3.56,BW,1618872323
Cap Malheureux,-19.9842,57.6142,75.99,86,18,4.0,MU,1618872324
Pitimbu,-7.4706,-34.8086,78.8,83,0,4.61,BR,1618872324
Kaeo,-35.1,173.7833,64.99,96,100,5.99,NZ,1618872324
Baghdad,33.3406,44.4009,75.2,33,0,8.05,IQ,1618872296
Safi,32.2994,-9.2372,62.11,81,0,16.22,MA,1618872325
Huilong,31.8111,121.655,57.0,76,19,14.58,CN,1618872325
Khovd,48.0056,91.6419,43.92,45,58,7.52,MN,1618872325
Green River,41.5286,-109.4662,21.0,86,90,28.77,US,1618872326
Novobirilyussy,56.9514,90.6661,9.61,91,100,9.24,RU,1618872326
Mumford,5.2618,-0.759,81.23,80,97,4.76,GH,1618872326
Cabedelo,-6.9811,-34.8339,78.8,83,0,4.61,BR,1618872327
Tocopilla,-22.092,-70.1979,67.53,63,11,2.62,CL,1618872327
Duma,34.7653,108.135,57.2,100,90,2.24,CN,1618872327
Muroto-misakicho,33.2833,134.15,53.6,66,0,9.22,JP,1618872328
Farafangana,-22.8167,47.8333,70.56,79,79,3.51,MG,1618872328
Ternate,0.8,127.4,81.48,78,100,1.03,ID,1618872328
Mareeba,-17.0,145.4333,73.99,97,87,3.0,AU,1618872328
Los Llanos de Aridane,28.6585,-17.9182,66.2,72,0,12.66,ES,1618872329
Hambantota,6.1241,81.1185,77.0,100,20,3.44,LK,1618872329
Aransas Pass,27.9095,-97.15,69.8,56,1,8.05,US,1618872329
Paamiut,61.994,-49.6678,30.99,88,100,7.07,GL,1618872330
Sayyan,15.1718,44.3244,58.86,29,97,13.09,YE,1618872330
Boa Vista,2.8197,-60.6733,84.2,58,40,8.05,BR,1618872330
Miandrivazo,-19.5167,45.4667,73.8,87,95,0.56,MG,1618872331
NEDJO,9.5046,35.5019,63.9,46,81,1.3,ET,1618872331
Zalegoshch',52.9008,36.8869,43.7,92,97,8.88,RU,1618872331
Egvekinot,66.3167,-179.1667,27.93,68,0,1.86,RU,1618872332
Kamaishi,39.2667,141.8833,55.94,59,2,10.42,JP,1618872332
Listvyagi,53.6772,86.951,19.24,83,100,3.87,RU,1618872332
Aklavik,68.2191,-135.0107,46.4,42,78,3.44,CA,1618872332
Jieshi,22.8134,115.8257,68.95,69,90,16.53,CN,1618872333
Sainte-Luce,14.4673,-60.9271,80.6,69,40,10.36,MQ,1618872333
Chardara,41.2547,67.9692,66.81,37,100,5.08,KZ,1618872075
Kununurra,-15.7667,128.7333,64.4,88,13,3.44,AU,1618872112
Mikhaylovka,50.06,43.2379,50.0,85,100,1.01,RU,1618872334
Ponto Novo,-10.8628,-40.1336,70.59,93,80,3.89,BR,1618872334
Hong Kong,22.2855,114.1577,71.01,79,92,1.01,HK,1618872281
São João da Barra,-21.6403,-41.0511,72.1,89,53,10.0,BR,1618872334
Luan,46.3592,6.9759,48.2,49,0,2.3,CH,1618872335
Marsh Harbour,26.5412,-77.0636,80.02,71,70,16.28,BS,1618872335
Kloulklubed,7.0419,134.2556,77.0,94,75,3.44,PW,1618872335
Turukhansk,65.8167,87.9833,-6.12,97,13,6.55,RU,1618872335
Sawtell,-30.3833,153.1,66.2,68,1,2.42,AU,1618872336
Panguna,-6.3164,155.4848,81.93,60,79,0.63,PG,1618872336
Ust-Nera,64.5667,143.2,26.4,93,100,4.99,RU,1618872336
Nuevo Progreso,23.1667,-97.95,73.99,56,57,11.99,MX,1618872337
Ukiah,39.1502,-123.2078,80.6,21,1,6.91,US,1618872337
Dauriya,49.9333,116.8667,40.1,21,34,15.46,RU,1618872337
Abu Dhabi,24.4667,54.3667,75.2,78,0,5.75,AE,1618872303
Ambilobe,-13.2,49.05,70.66,85,96,3.42,MG,1618872338
Buraidah,26.326,43.975,73.4,35,0,4.61,SA,1618872338
Zilair,52.2332,57.4392,25.84,49,100,13.76,RU,1618872338
Eyl,7.9803,49.8164,81.21,78,51,7.34,SO,1618872338
Chumikan,54.7183,135.315,30.49,64,100,18.86,RU,1618872339
Lumut,4.2323,100.6298,77.0,88,20,5.1,MY,1618872339
Najrān,17.4924,44.1277,73.4,25,40,2.57,SA,1618872339
Sardārshahr,28.4333,74.4833,83.28,22,80,9.26,IN,1618872340
Santa Inês,-3.6667,-45.38,71.13,98,100,3.87,BR,1618872340
Barra Patuca,15.8,-84.2833,81.79,76,100,13.78,HN,1618872340
Kalemie,-5.9475,29.1947,71.74,83,100,4.61,CD,1618872341
Dubbo,-32.25,148.6167,48.2,76,74,6.91,AU,1618872341
Morant Bay,17.8815,-76.4093,84.2,70,20,24.16,JM,1618872284
Touros,-5.1989,-35.4608,80.6,78,0,6.91,BR,1618872341
Vesele,47.0148,34.915,49.73,77,100,2.35,UA,1618872342
Hofn,64.2539,-15.2082,37.72,62,11,12.59,IS,1618872342
Laguna,38.421,-121.4238,84.99,24,1,8.05,US,1618872342
Turbat,26.0023,63.044,75.16,28,37,3.8,PK,1618872343
Brae,60.3964,-1.353,46.4,81,100,13.8,GB,1618872343
Road Town,18.4167,-64.6167,80.6,78,20,9.22,VG,1618872343
Saint-Pierre,-21.3393,55.4781,75.2,94,90,4.61,RE,1618872344
Lodja,-3.4833,23.4333,70.27,99,100,1.36,CD,1618872344
Hisor,38.525,68.5512,57.2,51,100,4.47,TJ,1618872344
Barcelos,41.5388,-8.6151,57.2,94,40,1.97,PT,1618872345
Buenaventura,3.8801,-77.0312,78.21,88,84,3.51,CO,1618872345
Envira,-7.3,-70.2167,74.41,93,86,2.53,BR,1618872345
Kalmunai,7.4167,81.8167,78.31,83,93,1.83,LK,1618872346
Richards Bay,-28.783,32.0377,72.84,78,41,19.95,ZA,1618872180
Châteaudun,48.0833,1.3333,42.8,81,0,3.44,FR,1618872346
el Prat de Llobregat,41.3278,2.0947,57.0,88,20,6.91,ES,1618872346
Coruripe,-10.1256,-36.1756,78.06,83,42,9.51,BR,1618872157
Mountain Home,43.133,-115.6912,64.4,15,1,27.63,US,1618872347
Amahai,-3.3333,128.9167,82.0,96,100,1.7,ID,1618872347
Swan River,52.1058,-101.2676,28.4,93,100,12.66,CA,1618872136
Rincon,32.296,-81.2354,78.8,25,1,11.5,US,1618872348
Napa,38.4832,-122.3344,87.01,27,48,4.0,US,1618872348
Vozhega,60.4725,40.2213,29.64,83,4,4.54,RU,1618872348
Oparino,59.8518,48.2783,28.45,75,0,3.33,RU,1618872348
Sokoni,-6.4333,39.55,75.09,93,100,16.13,TZ,1618872349
Nanzhang,31.7765,111.8386,60.04,95,99,2.55,CN,1618872349
Kassala,15.451,36.4,85.95,41,19,9.6,SD,1618872349
Goba,7.0167,39.9833,49.44,86,90,1.92,ET,1618872350
Vanavara,60.34,102.2797,24.42,93,100,9.37,RU,1618872350
Uyemskiy,64.4743,40.8524,30.2,64,0,6.71,RU,1618872350
Haines Junction,60.7522,-137.5108,53.6,24,11,5.75,CA,1618872350
Quryq,43.2,51.65,62.08,52,100,5.1,KZ,1618872351
Ozinki,51.1786,49.6769,39.16,78,100,20.76,RU,1618872351
Zhigalovo,54.8097,105.1578,22.89,77,100,8.01,RU,1618872351
Arauca,7.0847,-70.7591,83.88,49,97,0.67,CO,1618872352
Omsukchan,62.5333,155.8,31.08,89,100,7.0,RU,1618872352
Jarocin,51.9727,17.5026,48.99,90,86,2.68,PL,1618872352
Lima,-12.0432,-77.0282,71.6,73,0,12.66,PE,1618872305
Cotonou,6.3654,2.4183,84.2,79,20,8.05,BJ,1618872353
Conde,-7.2597,-34.9075,78.8,83,0,4.61,BR,1618872353
Areia Branca,-4.9561,-37.1369,80.46,74,39,11.03,BR,1618872353
Nhulunbuy,-12.2333,136.7667,78.8,89,90,9.37,AU,1618872354
Nazarovo,56.0064,90.3914,10.87,86,10,10.8,RU,1618872354
Imbituva,-25.23,-50.6044,58.1,86,91,2.08,BR,1618872350
Acapulco de Juárez,16.8634,-99.8901,82.4,65,1,9.22,MX,1618872354
Kisangani,0.5167,25.2,70.66,97,100,1.32,CD,1618872355
Ségou,13.4317,-6.2157,92.05,14,11,6.89,ML,1618872355
Lázaro Cárdenas,17.9583,-102.2,81.57,49,29,10.87,MX,1618872355
Pouembout,-21.1333,164.9,79.75,80,59,7.11,NC,1618872356
Kampot,10.6167,104.1833,78.8,94,40,1.14,KH,1618872356
Ariano Irpino,41.1489,15.0833,42.01,87,0,8.05,IT,1618872356
Mehamn,71.0357,27.8492,36.5,73,16,9.89,NO,1618872357
Villacarrillo,38.1156,-3.0848,54.99,51,100,3.04,ES,1618872357
Margate,51.3813,1.3862,43.0,84,6,3.83,GB,1618872311
Vila,42.0304,-8.1588,51.01,65,78,5.99,PT,1618872357
Seymchan,62.8833,152.4333,32.74,97,100,3.29,RU,1618872358
Yumen,40.2833,97.2,50.23,34,100,4.83,CN,1618872358
Sheltozero,61.3667,35.3667,31.42,86,99,5.28,RU,1618872358
Sirajganj,24.45,89.7167,79.27,86,0,13.62,BD,1618872359
Esil,51.9556,66.4042,26.4,43,19,12.21,KZ,1618872359
Heihe,50.2441,127.4902,33.8,21,0,20.13,CN,1618872359
Oistins,13.0667,-59.5333,80.6,57,20,19.57,BB,1618872360
Ancud,-41.8697,-73.8203,53.01,93,0,1.86,CL,1618872360
Vallenar,-28.5708,-70.7581,66.58,56,0,4.54,CL,1618872360
Ryōtsu-minato,38.0833,138.4333,51.8,62,0,10.36,JP,1618872361
Graaff-Reinet,-32.2522,24.5308,55.0,93,99,1.01,ZA,1618872066
Port Augusta,-32.5,137.7667,55.99,66,75,8.05,AU,1618872361
Naantali,60.4674,22.0243,41.0,86,0,2.3,FI,1618872362
Tautira,-17.7333,-149.15,84.2,70,75,5.75,PF,1618872362
Iwanai,42.9744,140.5089,52.99,63,21,8.39,JP,1618872362
Mantenópolis,-18.8625,-41.1228,69.73,89,44,4.54,BR,1618872363
Igarka,67.4667,86.5833,-12.91,99,66,6.93,RU,1618872363
Kungurtug,50.5994,97.5228,32.59,78,55,2.06,RU,1618872363
Jumla,29.2747,82.1838,43.9,48,0,4.92,NP,1618872364
Bahía Solano,6.2262,-77.4044,79.77,83,93,2.57,CO,1618872364
Watertown,42.3709,-71.1828,64.0,36,75,4.61,US,1618872105
Kibre Mengist,5.8833,38.9833,58.15,97,99,1.74,ET,1618872364
Moses Lake,47.1301,-119.2781,64.4,12,1,8.05,US,1618872188
Sioux Falls,43.55,-96.7003,41.0,33,75,16.11,US,1618872232
Bonthe,7.5264,-12.505,81.0,81,55,6.44,SL,1618872365
Togur,58.3631,82.8265,8.65,92,100,11.86,RU,1618872365
Usevya,-7.1,31.2333,64.2,94,100,4.72,TZ,1618872366
Goderich,43.7501,-81.7165,44.6,87,100,16.11,CA,1618872366
Watsa,3.0372,29.5355,65.01,87,99,3.67,CD,1618872366
Coyhaique,-45.5752,-72.0662,48.2,71,75,4.61,CL,1618872367
Winnemucca,40.973,-117.7357,71.6,12,1,14.97,US,1618872367
Raudeberg,61.9875,5.1352,50.0,62,75,16.11,NO,1618872367
